{
    "$":"index",
    "content": ["/cps/news/front_page"],
    "modules": [
                
                {"$":"primaryItem",    "$secondary":"$st_top_stories"},
                {"$":"advert",         "type":"banner", "mode!=compact":{"paddingBottom":8}},
                {"$":"secondaryItems", "$secondary":"$st_top_stories"},
                {"$":"otherItems",     "$secondary":"$st_top_stories", "modes":["compact"]},
                {"$":"avCarousel"},
                {"$":"otherItems",     "$secondary":"$st_top_stories", "modes":["!compact"]},
                {"$":"advert",         "type":"mpu"},
                
                {"$":"twoStackedVerticallyInPortraitAndHorizontallyInLandscape", "modes":["tablet"],
                "$1":[
                      {"$":"title", "title": "layoutfiletitle.alsointhenews", "contentLink": "/cps/news/also_in_the_news?title=Also%20in%20the%20News"},
                      {"$":"featureGroup_2col",  "limit":2, "$secondary":"$st_top_stories_also_in_the_news", "hideTopics": "yes"},
                      ],
                "$2":[
                      {"$":"title", "title":"layoutfiletitle.thereporters", "contentLink": "/cps/news/the_reporters?title=The%20Reporters"},
                      {"$":"featureGroup_2col", "limit":2, "secondary": "$st_the_reporters"}
                      ]
                },
                
                {"$":"title", "modes":["!tablet"], "title": "layoutfiletitle.alsointhenews", "contentLink": "/cps/news/also_in_the_news?title=Also%20in%20the%20News"},
                {"$":"tightGroup",        "modes":["!tablet"], "limit":2, "$secondary":"$st_top_stories_also_in_the_news"},
                
                {"$":"title",        "modes":["!tablet"], "title": "layoutfiletitle.thereporters", "contentLink": "/cps/news/the_reporters?title=The%20Reporters"},
                {"$":"tightGroup",   "modes":["!tablet"], "$secondary":"$st_the_reporters", "limit":2},
                
                {"$":"title", "title":"layoutfiletitle.featuresandanalysis"},
                {"$":"featureGroup",      "modes":["!tablet"], "$secondary":"$st_features", "limit":2},
                {"$":"featureGroup_2col", "modes":["!tablet"], "$secondary":"$st_features", "limit":10, "offset":2},
                {"$":"featuresSection",   "modes":["tablet"],  "$secondary":"$st_features"},
                
                {"$":"title", "title": "layoutfiletitle.explainers", "contentLink": "/cps/news/explainers?title=Explainers"},
                {"$":"tightGroup",        "modes":["!tablet"], "limit":2, "$secondary":"$st_ts_explainers"},
                {"$":"featureGroup_2col", "modes":["tablet"],  "limit":2, "$secondary":"$st_ts_explainers", "hideTopics": "yes"},
                
                {"$":"digestTitle", "title": "Sport", "contentLink": "/cps/sport/front-page?title=Sport"},
                {"$":"digestGroup", "$secondary": "$st_digest_sports_gnl", "mode==tablet":{"limit":4, "cellsPerRow":2, "cellMargins":"{2,8,2,8}"}},
                
                {"$":"twoDigestGroups", "$1":"$digestAfricaGnl",      "$2":"$digestAsiaGnl"},
                {"$":"twoDigestGroups", "$1":"$digestEuropeGnl",        "$2":"$digestLatinAmericaGnl"},
                {"$":"twoDigestGroups", "$1":"$digestMiddleEastGnl",    "$2":"$digestUSAndCanadaGnl"},
                {"$":"twoDigestGroups", "$1":"$digestBusinessGnl", "$2":"$digestHealthGnl"},
                {"$":"twoDigestGroups", "$1":"$digestTechnologyGnl", "$2":"$digestScienceGnl"},
                {"$":"twoDigestGroups", "$1":"$digestEntertainmentGnl", "$2":"$digestMagazineGnl"},
                
                {"$":"title", "title": "layoutfiletitle.inpictures", "contentLink": "/cps/news/in_pictures?title=In%20Pictures"},
                {"$":"photosGroup"},
                
                {"$":"copyright"}
                ]
}