{
	"$":"index",
    "content":["/cps/news/the_reporters"],
    "modules": [
				
		{"$":"primaryItem",           "$secondary":"$st_reporters"},
        {"$":"advert",         "type":"banner", "mode!=compact":{"paddingBottom":8}},
		{"$":"secondaryItems",        "$secondary":"$st_reporters"},
		{"$":"avCarousel",            "$secondary":"$st_reporters_avcarousel"},
		{"$":"otherItems",            "$secondary":"$st_reporters"},
        {"$":"advert",         "type":"mpu"},
		{"$":"title", "title":        "layoutfiletitle.questionsanswered"},
		{"$":"featureGroup",          "$secondary":"$st_reporters_your_qs", "limit":1},

		{"$":"copyright"}
	]
}