{
	"$":"index",
    "content":[
               "/cps/news/england/beds_bucks_and_herts",
               "/cps/news/england/berkshire",
               "/cps/news/england/birmingham_and_black_country",
               "/cps/news/england/bristol",
               "/cps/news/england/cambridgeshire",
               "/cps/news/england/cornwall",
               "/cps/news/england/coventry_and_warwickshire",
               "/cps/news/england/cumbria",
               "/cps/news/england/derbyshire",
               "/cps/news/england/devon",
               "/cps/news/england/dorset",
               "/cps/news/england/essex",
               "/cps/news/england/gloucestershire",
               "/cps/news/england/hampshire",
               "/cps/news/england/hereford_and_worcester",
               "/cps/news/england/humberside",
               "/cps/news/england/kent",
               "/cps/news/england/lancashire",
               "/cps/news/england/leeds_and_west_yorkshire",
               "/cps/news/england/leicester",
               "/cps/news/england/lincolnshire",
               "/cps/news/england/london",
               "/cps/news/england/manchester",
               "/cps/news/england/merseyside",
               "/cps/news/england/norfolk",
               "/cps/news/england/northamptonshire",
               "/cps/news/england/nottingham",
               "/cps/news/england/oxford",
               "/cps/news/england/shropshire",
               "/cps/news/england/somerset",
               "/cps/news/england/south_yorkshire",
               "/cps/news/england/stoke_and_staffordshire",
               "/cps/news/england/suffolk",
               "/cps/news/england/surrey",
               "/cps/news/england/sussex",
               "/cps/news/england/tees",
               "/cps/news/england/tyne_and_wear",
               "/cps/news/england/wiltshire",
               "/cps/news/england/york_and_north_yorkshire",
               "/cps/news/scotland/edinburgh_east_and_fife",
               "/cps/news/scotland/glasgow_and_west",
               "/cps/news/scotland/highlands_and_islands",
               "/cps/news/scotland/north_east_orkney_and_shetland",
               "/cps/news/scotland/scotland_business",
               "/cps/news/scotland/scotland_politics",
               "/cps/news/scotland/south_scotland",
               "/cps/news/scotland/tayside_and_central",
               "/cps/news/wales/north_east_wales",
               "/cps/news/wales/north_west_wales",
               "/cps/news/wales/mid_wales",
               "/cps/news/wales/south_east_wales",
               "/cps/news/wales/south_west_wales",
               "/cps/news/world/europe/isle_of_man",
               "/cps/news/world/europe/guernsey",
               "/cps/news/world/europe/jersey"
               ],
	"$secondary":"$st_top_stories",
    "modules": [
		
		{"$":"primaryItem"},
        {"$":"advert",               "type":"banner", "mode!=compact":{"paddingBottom":8}},
		{"$":"secondaryItems"},
		{"$":"otherItems",           "modes":["compact"]},
		{"$":"avCarousel"},
		{"$":"otherItems",			 "modes":["!compact"]},
        {"$":"advert",               "type":"mpu"},

		{"$":"title", "title":     "Sport", "contentLink": "/cps/sport/front-page?title=Sport"},
		{"$":"otherItems",         "$secondary":"$st_local_sport"},
		
		{"$":"title", "title":     "Подробности"},
		{"$":"featureGroup",       "modes":["!tablet"], "$secondary":"$st_local_features", "limit":2},
		{"$":"featureGroup_2col",  "modes":["!tablet"], "$secondary":"$st_local_features", "offset":2},
		{"$":"featuresSection",    "modes":["tablet"],  "$secondary":"$st_local_features"},
	
		{"$":"title", "title":     "А также", "contentLink": "/cps/news/also_in_the_news?title=Also%20in%20the%20News"},
		{"$":"featureGroup_2col",  "modes":["!tablet"], "$secondary":"$st_also_in_the_news"},
		{"$":"featuresSection",    "modes":["tablet"],  "$secondary":"$st_also_in_the_news"},
				
		{"$":"copyright"}

	]
}