{
	"$":"index",
	"format": [
		"bbc.linkeddata.concepts.storyline",
		"bbc.linkeddata.concepts.event",
		"bbc.linkeddata.concepts.organisation",
		"bbc.linkeddata.concepts.person",
		"bbc.linkeddata.concepts.place",
		"bbc.linkeddata.concepts.theme",
		"bbc.linkeddata.concepts.unknown"
	],

    "modules": [
        
        {"$":"primaryItem",  "limit": 1  ,  "$secondary":[
                  
                  "bbc.mobile.news.group.top-story"  ,
                  "bbc.linkeddata.about.news"        ,
                  "bbc.mobile.news.group.news-feed"  ,
                  "bbc.mobile.news.group.index"
                  
            ]
        },
        
        {"$":"secondaryItems", "offset" : 1 , "limit" : -1 , "$secondary":[
                                                                           
                   "bbc.mobile.news.group.top-story"  ,
                   "bbc.linkeddata.about.news"        ,
                   "bbc.mobile.news.group.news-feed"  ,
                   "bbc.mobile.news.group.index"
                   
            ]
        },

		{"$":"copyright"}

    ]
}