{
	"$":"index",
	"content": ["/most_popular/news"],
	"padding": "{0,56,0,56}",
	"modules": [
		{
			"class": "BNHorizontalLinearLayout",
			"modules": [
				{
					"class": "BNVerticalLinearLayout",
					"modules": [
						{"$":"title", "title":"Lo más leído", "padding":"{32,8,0,0}"},
						{"$":"mostReadGroup"}

					]
				},
				{
					"class": "BNVerticalLinearLayout",
					"modules": [
						{"$":"title", "title":"Lo más visto", "padding":"{32,8,0,0}"},
						{"$":"mostWatchedGroup"}
					]
				}
			]
		},
		{"$":"copyright"}
	]
}