{
	"format": ["bbc.mobile.news.format.audio","bbc.mobile.news.format.video"],
	"modes": ["portrait"],
	"class": "BNVerticalStack",
	"background": "contentBackgroundInv",
    "modules": [
		{"$":"itemPrimaryMedia", "hideCaption":true, "autoplay":true},
		{"$":"itemHeadline"},
		{"$":"itemByline"},
		{"$":"itemTopics"},
		{"$":"itemBody", 		 "mode==adverts": {"insertBannerAdvertAfterParagraph":1,
                "insertMpuAdvertAfterParagraph":6}},

		{"$":"relatedTitle", "title": "Contenido relacionado"},
		{"$":"relatedVideoAndAudio"},
		{"$":"relatedTitle", "title": "Historias relacionadas"},
		{"$":"relatedStories", "format": ["bbc.mobile.news.format.textual"]},
		{"$":"relatedTitle", "title": "Temas relacionados"},
		{"$":"relatedTopics"},
		{"$":"copyright"}
	]
}