{
	"format": ["bbc.mobile.news.format.liveevent"],
	"modes": ["phone"],
	"class": "BNVerticalStack",
	"background": "#fff",
    "modules": [
		  {
			"cellClass": "BNCellMedia",
			"limit": 1,
			"offset": 0,
			"primary": ["bbc.mobile.news.image","bbc.mobile.news.video","bbc.mobile.news.audio"],
			"secondary": ["bbc.mobile.news.placement.lmp"],
			"filterIsAvailable": "yes",
			"parallax": "yes",
			"imageAspect": 0.5625,
			"inverseColorScheme": "yes"
		  },
		  {
			"cellClass": "BNCellHeadline",
			"textPadding": "{12, 16, 4, 16}",
			"background": "#1e1e1e",
			"inverseColorScheme": "yes"
		  },
		  {
			"class": "BNKeyPointsModule",
			"background": "#1e1e1e",
			"textPadding": "{4, 16, 12, 16}"
		  },
		  {
			"class": "BNCommentaryModule",
			"textPadding": "{0, 16, 0, 16}",
			"contentKey": "commentaryId"
		 },
        {
        "class":"BNCopyrightModule",
        "padding": "{8,16,8,16}"
        }
    ]
}
