{
	"$":"index",
	"content":["/cps/newyddion/gwleidyddiaeth/refferendwm_ue"],

	"format": ["bbc.mobile.news.cps.idx", "bbc.mobile.news.legacy.idx"],
	"$secondary":"$st_top_stories",
    "modules": [

		{"$":"primaryItem"},
                
        {"$":"infoBoxTitle", "title":"Canlyniadau yn Llawn" , "textAttrs": "electionsTitle"},
        {
            "$":"infoBoxLinkRed",
            "paddingTop":0,
            "title":"Y Bleidlais mewn manylder",
            "contentLink":"http://www.bbc.co.uk/cymrufyw/gwleidyddiaeth/refferendwm_ue/canlyniadau"
        },
                
        {"$":"advert",               "type":"banner", "mode!=compact":{"paddingBottom":8}},
		{"$":"secondaryItems"},
		{"$":"otherItems",           "modes":["compact"]},
		{"$":"avCarousel"},
		{"$":"otherItems",			 "modes":["!compact"]},
        {"$":"advert",               "type":"mpu"},
                
		{"$":"title",                "title":"layoutfiletitle.featuresandanalysis"},
		{"modes":["!tablet"],        "$":"featureGroup",         "$secondary":"$st_features", "limit":2},
		{"modes":["!tablet"],        "$":"featureGroup_2col",    "$secondary":"$st_features", "limit":10, "offset":2},
		{"modes":["tablet"],         "$":"featuresSection",      "$secondary":"$st_features"},

		{"$":"copyright"}
	]
}