{
    "$st_primary":[
                   "bbc.mobile.news.group.top-story+",
                   "bbc.mobile.news.group.splash-top-story",
                   "bbc.mobile.news.group.index"
                   ],
    "$st_top_stories":[
                       "$st_primary",
                       "bbc.mobile.news.group.live-event-1",
                       "bbc.mobile.news.group.live-event-best-local+",
                       "bbc.mobile.news.group.live-module+",
                       "bbc.mobile.news.group.splash-story-2+",
                       "bbc.mobile.news.group.splash-story-3+",
                       "bbc.mobile.news.group.secondary-top-story+",
                       "bbc.mobile.news.group.second-top-story+",
                       "bbc.mobile.news.group.second-story+",
                       "bbc.mobile.news.group.third-top-story+",
                       "bbc.mobile.news.group.third-story+",
                       "bbc.mobile.news.group.topic-cluster+",
                       "bbc.mobile.news.group.topic-cluster-2+",
                       "bbc.mobile.news.group.other-top-stories+",
                       "bbc.mobile.news.group.splash-other-top-stories+"
                       ],
    "$st_av_carousel":[
                       "bbc.mobile.news.group.top-stories-av",
                       "bbc.mobile.news.group.av-stories-best+",
                       "bbc.mobile.news.group.av-stories-now+",
                       "bbc.mobile.news.group.watch-listen+"
                       ],
    "$st_features":[
                    "bbc.mobile.news.group.feature-breakout+",
                    "bbc.mobile.news.group.feature-main+",
                    "bbc.mobile.news.group.feature-other+",
                    "bbc.mobile.news.group.features"
                    ],
    "$st_in_the_papers":[
                         "bbc.mobile.news.group.featured-site-top-stories.the-papers",
                         "bbc.mobile.news.group.featured-site-top-stories-special-event"
                         ],
    "$st_the_reporters":[
                         "bbc.mobile.news.group.also-in-news.the-reporters",
                         "bbc.mobile.news.group.the-reporters"
                         ],
    "$st_digest_business_uk":[
                              "bbc.mobile.news.group.compact-section-digest.business",
                              "bbc.mobile.news.group.compact-section-digest-1"
                              ],
    "$st_digest_politics_uk":[
                              "bbc.mobile.news.group.compact-section-digest.politics",
                              "bbc.mobile.news.group.compact-section-digest-2"
                              ],
    "$st_digest_health_uk":[
                            "bbc.mobile.news.group.compact-section-digest.health",
                            "bbc.mobile.news.group.compact-section-digest-3"
                            ],
    "$st_digest_education_uk":[
                               "bbc.mobile.news.group.compact-section-digest.education",
                               "bbc.mobile.news.group.compact-section-digest-4"
                               ],
    "$st_digest_tech_uk":[
                          "bbc.mobile.news.group.compact-section-digest.technology",
                          "bbc.mobile.news.group.compact-section-digest-5"
                          ],
    "$st_digest_science_uk":[
                             "bbc.mobile.news.group.compact-section-digest.sci-environment",
                             "bbc.mobile.news.group.compact-section-digest-6"
                             ],
    "$st_digest_entertain_uk":[
                               "bbc.mobile.news.group.compact-section-digest.entertainment",
                               "bbc.mobile.news.group.compact-section-digest-7"
                               ],
    "$st_digest_magazine_uk":[
                              "bbc.mobile.news.group.compact-section-digest.magazine",
                              "bbc.mobile.news.group.compact-section-digest-8"
                              ],
    "$st_digest_sports_uk":[
                            "bbc.mobile.news.group.featured-site-top-stories.sport",
                            "bbc.mobile.news.group.featured-site-top-stories-bbc-sport",
                            "bbc.mobile.news.group.featured-site-top-stories-2-bbc-sport"
                            ],
    "$st_digest_business_gnl":[
                               "bbc.mobile.news.group.compact-section-digest-1"
                               ],
    "$st_digest_tech_gnl":[
                           "bbc.mobile.news.group.compact-section-digest-2"
                           ],
    "$st_digest_entertain_gnl":[
                                "bbc.mobile.news.group.compact-section-digest-3"
                                ],
    "$st_digest_science_gnl":[
                              "bbc.mobile.news.group.compact-section-digest-4"
                              ],
    "$st_digest_health_gnl":[
                             "bbc.mobile.news.group.compact-section-digest-5"
                             ],
    "$st_digest_sports_gnl":[
                            "bbc.mobile.news.group.compact-section-digest-6"
                            ],
    "$st_digest_magazine_gnl":[
                               "bbc.mobile.news.group.compact-section-digest-7"
                               ],
    "$st_digest_africa_gnl":[
                             "bbc.mobile.news.group.compact-geographic-section-digest-1"
                             ],
    "$st_digest_asia_gnl":[
                           "bbc.mobile.news.group.compact-geographic-section-digest-2"
                           ],
    "$st_digest_europe_gnl":[
                             "bbc.mobile.news.group.compact-geographic-section-digest-3"
                             ],
    "$st_digest_latin_america_gnl":[
                                    "bbc.mobile.news.group.compact-geographic-section-digest-4"
                                    ],
    "$st_digest_middle_east_gnl":[
                                  "bbc.mobile.news.group.compact-geographic-section-digest-5"
                                  ],
    "$st_digest_us_and_canada_gnl":[
                                    "bbc.mobile.news.group.compact-geographic-section-digest-6"
                                    ],
    "$st_ts_explainers":[
                         "bbc.mobile.news.group.explainers"
                         ],
    "$st_top_stories_also_in_the_news":[
                                        "bbc.mobile.news.group.also-in-the-news"
                                        ],
    "$st_in_pictures":[
                       "bbc.mobile.news.group.picture-gallery-stories+",
                       "bbc.mobile.news.group.picture-galleries+"
                       ],
    "$st_also_in_the_news":[
                            "bbc.mobile.news.group.secondary-top-story+",
                            "bbc.mobile.news.group.second-story+",
                            "bbc.mobile.news.group.third-story+",
                            "bbc.mobile.news.group.fourth-story+",
                            "bbc.mobile.news.group.fifth-story+",
                            "bbc.mobile.news.group.sixth-story+",
                            "bbc.mobile.news.group.seventh-story+",
                            "bbc.mobile.news.group.eighth-story+",
                            "bbc.mobile.news.group.ninth-story+"
                            ],
    "$st_primary_sport":[
                         "bbc.mobile.news.group.sport-headlines-list+",
                         "bbc.mobile.news.group.headlines+",
                         "bbc.mobile.news.group.type-a-top-story-2+",
                         "bbc.mobile.news.group.type-a-top-story-1+",
                         "bbc.mobile.news.group.type-a-top-story-3+",
                         "bbc.mobile.news.group.wide-top-story+",
                         "bbc.mobile.news.group.standard-top-story+",
                         "bbc.mobile.news.group.live-first-story+"
                         ],
    "$st_top_stories_sport":[
                             "$st_primary_sport",
                             "bbc.mobile.news.group.type-a-story-1+",
                             "bbc.mobile.news.group.type-a-story-2+",
                             "bbc.mobile.news.group.type-a-story-3+",
                             "bbc.mobile.news.group.type-a-story-4+",
                             "bbc.mobile.news.group.story-1+",
                             "bbc.mobile.news.group.story-2+",
                             "bbc.mobile.news.group.story-3+",
                             "bbc.mobile.news.group.story-4+",
                             "bbc.mobile.news.group.type-a-headline-list-1+",
                             "bbc.mobile.news.group.type-a-headline-list-4+",
                             "bbc.mobile.news.group.more-news-headlines+",
                             "bbc.mobile.news.group.other-site-headline-links+"
                             ],
    "$st_avcarousel_sport":[
                            "bbc.mobile.news.group.highlights-reports",
                            "bbc.mobile.news.group.type-a-media-list-1+",
                            "bbc.mobile.news.group.av-highlights+",
                            "bbc.mobile.news.group.sports-media-list+",
                            "bbc.mobile.news.group.av-1+",
                            "bbc.mobile.news.group.av-2+",
                            "bbc.mobile.news.group.av-3+",
                            "bbc.mobile.news.group.av-4+"
                            ],
    "$st_features_sport":[
                          "bbc.mobile.news.group.type-a-comment-list-1+",
                          "bbc.mobile.news.group.comment-stories+",
                          "bbc.mobile.news.group.sport-features-and-analysis-list+",
                          "bbc.mobile.news.group.features-and-analysis+"
                          ],
    "$st_in_pictures_sport":[
                             "bbc.mobile.news.group.type-a-gallery-list-1+",
                             "bbc.mobile.news.group.type-a-gallery-list-2+",
                             "bbc.mobile.news.group.picture-galleries+"
                             ],
    "$st_explainers":[
                      "$st_top_stories",
                      "bbc.mobile.news.group.secondary-top-story+",
                      "bbc.mobile.news.group.second-top-story+",
                      "bbc.mobile.news.group.third-top-story+",
                      "bbc.mobile.news.group.fourth-top-story+"
                      ],
    "$st_avcarousel_explainers":[
                                 "bbc.mobile.news.group.watch-listen+"
                                 ],
    "$st_explainers_feat":[
                           "bbc.mobile.news.group.feature-main.from-magazine+",
                           "bbc.mobile.news.group.features+"
                           ],
    "$st_explainers_who":[
                          "bbc.mobile.news.group.guide-content.who-is+",
                          "bbc.mobile.news.group.guides-content+",
                          "bbc.mobile.news.group.guides+"
                          ],
    "$st_in_pics_primary":[
                           "bbc.mobile.news.group.lead-feature-now+",
                           "bbc.mobile.news.group.special-event-promotion-now+"
                           ],
    "$st_in_pics_your_pics":[
                             "bbc.mobile.news.group.accordion-horizontal+",
                             "bbc.mobile.news.group.horizontal-accordion+"
                             ],
    "$st_in_pics_more":[
                        "bbc.mobile.news.group.feature-digest+"
                        ],
    "$st_in_pics_we_want":[
                           "bbc.mobile.news.group.submission-instructions+"
                           ],
    "$st_guide_content":[
                         "bbc.mobile.news.group.guide-content-1",
                         "bbc.mobile.news.group.guide-content-2",
                         "bbc.mobile.news.group.guide-content-3",
                         "bbc.mobile.news.group.guide-content-4",
                         "bbc.mobile.news.group.guide-content-5",
                         "bbc.mobile.news.group.guide-content-6"
                         ],
    "$st_local_features":[
                          "bbc.mobile.news.group.guide-content+",
                          "bbc.mobile.news.group.local-features-1+",
                          "bbc.mobile.news.group.local-features-2+"
                          ],
    "$st_local_sport":[
                       "bbc.mobile.news.group.featured-site-top-stories.sport",
                       "bbc.mobile.news.group.featured-site-top-stories-1"
                       ],
    "$st_local_also_in_news":[
                              "bbc.mobile.news.group.also-in-the-news"
                              ],
    "$st_magazine_primary":[
                            "bbc.mobile.news.group.lead-feature-now+",
                            "bbc.mobile.news.group.special-event-promotion-now+"
                            ],
    "$st_magazine_avcarousel":[
                               "bbc.mobile.news.group.feature-digest.watch+",
                               "bbc.mobile.news.group.feature-digest-4+"
                               ],
    "$st_magazine_monitor":[
                            "bbc.mobile.news.group.monitor-main+",
                            "bbc.mobile.news.group.monitor-other"
                            ],
    "$st_magazine_trending":[
                             "bbc.mobile.news.group.feature-main-3+"
                             ],
    "$st_magazine_elsewhere":[
                              "bbc.mobile.news.group.feature-main-2+"
                              ],
    "$st_magazine_more_or_less":[
                                 "bbc.mobile.news.group.feature-digest.more-or-less+",
                                 "bbc.mobile.news.group.feature-digest-3+"
                                 ],
    "$st_magazine_more_from":[
                             "bbc.mobile.news.group.feature-digest"
                             ],
    "$st_newsbeat":[
                    "$st_primary",
                    "bbc.mobile.news.group.secondary-top-story+",
                    "bbc.mobile.news.group.second-top-story+",
                    "bbc.mobile.news.group.third-top-story+",
                    "bbc.mobile.news.group.fourth-top-story+",
                    "bbc.mobile.news.group.more-stories+",
                    "bbc.mobile.news.group.other-top-stories+",
                    "bbc.mobile.news.group.guides-content+",
                    "bbc.mobile.news.group.guide-content+",
                    "bbc.mobile.news.group.section-digest+"
                    ],
    "$st_newsbeat_avcarousel":[
                               "bbc.mobile.news.group.av-stories-now+",
                               "bbc.mobile.news.group.watch-listen"
                               ],
    "$st_newsbeat_features":[
                             "bbc.mobile.news.group.feature-main.listen-watch-share+",
                             "bbc.mobile.news.group.main-feature+",
                             "bbc.mobile.news.group.extra-features+"
                             ],
    "$st_reporters":[
                     "$st_primary",
                     "bbc.mobile.news.group.secondary-top-story+",
                     "bbc.mobile.news.group.second-top-story+",
                     "bbc.mobile.news.group.third-top-story+",
                     "bbc.mobile.news.group.fourth-top-story+",
                     "bbc.mobile.news.group.other-top-stories+",
                     "bbc.mobile.news.group.guide-content.more-analysis+",
                     "bbc.mobile.news.group.guides+"
                     ],
    "$st_reporters_avcarousel":[
                                "bbc.mobile.news.group.watch-listen+"
                                ],
    "$st_reporters_your_qs":[
                             "bbc.mobile.news.group.special-reports.your-questions-answered+",
                             "bbc.mobile.news.group.special-reports.experts+"
                             ],
    "$st_special_reports":[
                           "bbc.mobile.news.group.feature-main+"
                           ],
    "$st_top_stories_welsh":[
                             "bbc.mobile.news.group.lead-feature",
                             "$st_top_stories",
                             "bbc.mobile.news.group.mwy-o-newyddion-more-from-newyddion+",
                             "bbc.mobile.news.group.guides-content"
                             ],
    "$st_av_carousel_welsh":[
                             "$st_av_carousel",
                             "bbc.mobile.news.group.sain-a-fideo-watch-listen+"
                             ],
    "$st_welsh_gwleidyddiaeth":[
                                "bbc.mobile.news.group.gwleidyddiaeth+"
                                ],
    "$st_elections_top":[
                         "bbc.mobile.news.group.top-story",
                         "bbc.mobile.news.group.live-event-1",
                         "bbc.mobile.news.group.news-event-promotion",
                         "bbc.mobile.news.group.second-story",
                         "bbc.mobile.news.group.third-story",
                         "bbc.mobile.news.group.other-top-stories"
                         ],
    "$st_elections_features":[
                              "bbc.mobile.news.group.feature-breakout+",
                              "bbc.mobile.news.group.feature-main+",
                              "bbc.mobile.news.group.feature-other+",
                              "bbc.mobile.news.group.features+"
                              ],
    "$st_elections_basics":[
                            "bbc.mobile.news.group.guide-content.who-is+",
                            "bbc.mobile.news.group.guides-content+"
                            ],
    "$st_avcarousel_gaelic":[
                             "bbc.mobile.news.group.coimhead-ist-watch-listen"
                             ],
    "$st_features_gaelic":[
                           "bbc.mobile.news.group.sgeulachdan-aithriseach-feature+"
                           ],
    "index":{
        "class":"BNVerticalStack",
        "background":"window"
    },
    "title":{
        "class":"BNStaticTitleModule",
        "mode!=tablet":{
            "padding":"{20,16,4,16}"
        },
        "mode==tablet":{
            "padding":"{48,32,4,16}"
        }
    },
    "primaryItem":{
        "limit":1,
        "secondary":"$secondary",
        "mode==compact":{
            "$":"normalGroup"
        },
        "mode!=compact":{
            "cellClass":"BNCellItemTopStory",
            "H":1,
            "long_timestamp":true
        },
        "mode==tablet":{
            "mode==landscape":{
                "orientation":"landscape"
            },
            "summaries":"yes"
        }
    },
    "normalGroup":{
        "secondary":"$secondary",
        "cellClass":"BNCellItemTopStory",
        "maxTopics":1,
        "mode==tablet":{
            "padding":"{0,8,0,8}",
            "cellMargins":"{16,8,0,8}",
            "summaries":"yes"
        },
        "mode!=tablet":{
            "padding":"{0,4,0,4}",
            "cellMargins":"{8,4,0,4}"
        }
    },
    "tightGroup":{
        "$":"normalGroup",
        "mode==compact":{
            "padding":"{0,8,0,8}",
            "cellMargins":"{2,0,0,0}"
        }
    },
    "featureGroup":{
        "secondary":"$secondary",
        "summaries":"yes",
        "mode==compact":{
            "$":"tightGroup",
            "hideTopics":"yes",
            "cellClass":"BNCellItemTopStory"
        },
        "mode!=compact":{
            "cellClass":"BNCellItemFeature",
            "$":"normalGroup",
            "imagePosition":"top"
        }
    },
    "featureGroup_2col":{
        "$":"featureGroup",
        "mode!=compact":{
            "cellsPerRow":2,
            "H":2
        }
    },
    "featureItem":{
        "$":"featureGroup",
        "limit":1,
        "imageWidth":0.6666
    },
    "featureItemLarge":{
        "$":"featureGroup",
        "cellClass":"BNCellItemFeatureLarge",
        "limit":1,
        "cellMargins":"{8,0,8,0}",
        "weight":2
    },
    "featureItemSmall":{
        "$":"featureGroup",
        "limit":1,
        "cellMargins":"{8,0,8,0}",
        "weight":1
    },
    "digestTitle":{
        "$":"title",
        "mode==tablet":{
            "padding":"{40,16,4,16}"
        }
    },
    "digestGroup":{
        "secondary":"$secondary",
        "limit":2,
        "cellClass":"BNCellItemDigest",
        "mode==tablet":{
            "padding":"{0,8,0,8}",
            "cellMargins":"{4,0,0,0}"
        },
        "mode!=tablet":{
            "padding":"{0,8,0,8}",
            "cellMargins":"{2,0,0,0}"
        },
        "textPadding":"{8,8,0,0}"
    },
    "twoColumns":{
        "class":"BNHorizontalLinearLayout",
        "padding":"{0,8,0,8}",
        "modules":[
                   "$1",
                   "$2"
                   ]
    },
    "twoDigestGroups":{
        "mode!=tablet":{
            "class":"BNVerticalLinearLayout",
            "modules":[
                       "$1",
                       "$2"
                       ]
        },
        "mode==tablet":{
            "$":"twoColumns",
            "modules":[
                       {
                       "class":"BNVerticalLinearLayout",
                       "modules":"$1"
                       },
                       {
                       "class":"BNVerticalLinearLayout",
                       "modules":"$2"
                       }
                       ]
        }
    },
    "twoStackedVerticallyInPortraitAndHorizontallyInLandscape":{
        "mode==landscape":{
            "$":"twoColumns",
            "modules":[
                       {
                       "class":"BNVerticalLinearLayout",
                       "modules":"$1"
                       },
                       {
                       "class":"BNVerticalLinearLayout",
                       "modules":"$2"
                       }
                       ]
        },
        "mode==portrait":{
            "class":"BNVerticalLinearLayout",
            "modules":[
                       "$1",
                       "$2"
                       ]
        }
    },
    "$digestBusinessUk":[
                         {
                         "$":"digestTitle",
                         "title":"Business",
                         "contentLink":"/cps/news/business?title=Business"
                         },
                         {
                         "$":"digestGroup",
                         "$secondary":"$st_digest_business_uk"
                         }
                         ],
    "$digestPoliticsUk":[
                         {
                         "$":"digestTitle",
                         "title":"layoutfiletitle.politics",
                         "contentLink":"/cps/news/politics?title=Politics"
                         },
                         {
                         "$":"digestGroup",
                         "$secondary":"$st_digest_politics_uk"
                         }
                         ],
    "$digestHealthUk":[
                       {
                       "$":"digestTitle",
                       "title":"Health",
                       "contentLink":"/cps/news/health?title=Health"
                       },
                       {
                       "$":"digestGroup",
                       "$secondary":"$st_digest_health_uk"
                       }
                       ],
    "$digestEducationUk":[
                          {
                          "$":"digestTitle",
                          "title":"Education",
                          "contentLink":"/cps/news/education?title=Education"
                          },
                          {
                          "$":"digestGroup",
                          "$secondary":"$st_digest_education_uk"
                          }
                          ],
    "$digestTechnologyUk":[
                           {
                           "$":"digestTitle",
                           "title":"Technology",
                           "contentLink":"/cps/news/technology?title=Technology"
                           },
                           {
                           "$":"digestGroup",
                           "$secondary":"$st_digest_tech_uk"
                           }
                           ],
    "$digestScienceUk":[
                        {
                        "$":"digestTitle",
                        "title":"Science & Environment",
                        "contentLink":"/cps/news/science_and_environment?title=Science%20%26%20Environment"
                        },
                        {
                        "$":"digestGroup",
                        "$secondary":"$st_digest_science_uk"
                        }
                        ],
    "$digestEntertainmentUk":[
                              {
                              "$":"digestTitle",
                              "title":"Entertainment & Arts",
                              "contentLink":"/cps/news/entertainment_and_arts?title=Entertainment%20%26%20Arts"
                              },
                              {
                              "$":"digestGroup",
                              "$secondary":"$st_digest_entertain_uk"
                              }
                              ],
    "$digestMagazineUk":[
                         {
                         "$":"digestTitle",
                         "title":"layoutfiletitle.magazine",
                         "contentLink":"/cps/news/magazine?title=Magazine"
                         },
                         {
                         "$":"digestGroup",
                         "$secondary":"$st_digest_magazine_uk"
                         }
                         ],
    "$digestBusinessGnl":[
                          {
                          "$":"digestTitle",
                          "title":"Business",
                          "contentLink":"/cps/news/business?title=Business"
                          },
                          {
                          "$":"digestGroup",
                          "$secondary":"$st_digest_business_gnl"
                          }
                          ],
    "$digestHealthGnl":[
                        {
                        "$":"digestTitle",
                        "title":"Health",
                        "contentLink":"/cps/news/health?title=Health"
                        },
                        {
                        "$":"digestGroup",
                        "$secondary":"$st_digest_health_gnl"
                        }
                        ],
    "$digestTechnologyGnl":[
                            {
                            "$":"digestTitle",
                            "title":"Technology",
                            "contentLink":"/cps/news/technology?title=Technology"
                            },
                            {
                            "$":"digestGroup",
                            "$secondary":"$st_digest_tech_gnl"
                            }
                            ],
    "$digestScienceGnl":[
                         {
                         "$":"digestTitle",
                         "title":"Science & Environment",
                         "contentLink":"/cps/news/science_and_environment?title=Science%20%26%20Environment"
                         },
                         {
                         "$":"digestGroup",
                         "$secondary":"$st_digest_science_gnl"
                         }
                         ],
    "$digestEntertainmentGnl":[
                               {
                               "$":"digestTitle",
                               "title":"Entertainment & Arts",
                               "contentLink":"/cps/news/entertainment_and_arts?title=Entertainment%20%26%20Arts"
                               },
                               {
                               "$":"digestGroup",
                               "$secondary":"$st_digest_entertain_gnl"
                               }
                               ],
    "$digestMagazineGnl":[
                          {
                          "$":"digestTitle",
                          "title":"layoutfiletitle.magazine",
                          "contentLink":"/cps/news/magazine?title=Magazine"
                          },
                          {
                          "$":"digestGroup",
                          "$secondary":"$st_digest_magazine_gnl"
                          }
                          ],
    "$digestAfricaGnl":[
                        {
                        "$":"digestTitle",
                        "title":"Africa",
                        "contentLink":"/cps/news/world/africa?title=Africa"
                        },
                        {
                        "$":"digestGroup",
                        "$secondary":"$st_digest_africa_gnl"
                        }
                        ],
    "$digestAsiaGnl":[
                      {
                      "$":"digestTitle",
                      "title":"Asia",
                      "contentLink":"/cps/news/world/asia?title=Asia"
                      },
                      {
                      "$":"digestGroup",
                      "$secondary":"$st_digest_asia_gnl"
                      }
                      ],
    "$digestEuropeGnl":[
                        {
                        "$":"digestTitle",
                        "title":"Europe",
                        "contentLink":"/cps/news/world/europe?title=Europe"
                        },
                        {
                        "$":"digestGroup",
                        "$secondary":"$st_digest_europe_gnl"
                        }
                        ],
    "$digestLatinAmericaGnl":[
                              {
                              "$":"digestTitle",
                              "title":"Latin America",
                              "contentLink":"/cps/news/world/latin_america?title=Latin%20America"
                              },
                              {
                              "$":"digestGroup",
                              "$secondary":"$st_digest_latin_america_gnl"
                              }
                              ],
    "$digestMiddleEastGnl":[
                            {
                            "$":"digestTitle",
                            "title":"Middle East",
                            "contentLink":"/cps/news/world/middle_east?title=Middle%20East"
                            },
                            {
                            "$":"digestGroup",
                            "$secondary":"$st_digest_middle_east_gnl"
                            }
                            ],
    "$digestUSAndCanadaGnl":[
                             {
                             "$":"digestTitle",
                             "title":"US & Canada",
                             "contentLink":"/cps/news/world/us_and_canada?title=US%20%26%20Canada"
                             },
                             {
                             "$":"digestGroup",
                             "$secondary":"$st_digest_us_and_canada_gnl"
                             }
                             ],
    "avCarousel":{
        "class":"BNHorizontalLinearLayout",
        "mode==tablet":{
            "padding":"{16,0,0,0}"
        },
        "mode!=tablet":{
            "padding":"{8,0,0,0}"
        },
        "$secondary":"$st_av_carousel",
        "modules":[
                   {
                   "class":"BNHorizontalStack",
                   "background":"#000",
                   "modules":[
                              {
                              "secondary":"$secondary",
                              "cellClass":"BNCellItemAV",
                              "orientation":"portrait",
                              "numLines":3,
                              "mode==tablet":{
                              "cellMargins":"{32,0,16,2}"
                              },
                              "mode!=tablet":{
                              "cellMargins":"{8,0,8,1}"
                              },
                              "format":[
                                        "bbc.mobile.news.format.video",
                                        "bbc.mobile.news.format.audio"
                                        ]
                              }
                              ]
                   }
                   ]
    },
    "photosGroup":{
        "$secondary":"$st_in_pictures",
        "limit":2,
        "mode==compact":{
            "$":"tightGroup",
            "summaries":true,
            "hideTopics":true
        },
        "mode!=compact":{
            "$":"normalGroup",
            "cellClass":"BNCellItemPhotoGallery",
            "maxImages":2
        },
        "mode==tablet":{
            "maxImages":3
        }
    },
    "mostPopularGroup":{
        "cellClass":"BNCellItemMostPopular",
        "limit":10,
        "primary":[
                   "bbc.mobile.news.item"
                   ],
        "mode!=tablet":{
            "padding":"{0,0,0,0}",
            "cellMargins":"{8,8,0,8}",
            "mode==compact":{
                "orientation":"landscape",
                "H":2
            },
            "mode!=compact":{
                "orientation":"portrait",
                "H":1
            }
        },
        "mode==tablet":{
            "cellMargins":"{8,8,8,8}",
            "H":3,
            "mode==portrait":{
                "orientation":"portrait"
            },
            "mode==landscape":{
                "orientation":"landscape"
            }
        }
    },
    "mostReadGroup":{
        "$":"mostPopularGroup",
        "secondary":[
                     "bbc.mobile.news.most_popular.most_read"
                     ],
        "format":[
                  "bbc.mobile.news.format.textual"
                  ],
        "inverseColorScheme":"NO"
    },
    "mostWatchedGroup":{
        "$":"mostPopularGroup",
        "secondary":[
                     "bbc.mobile.news.most_popular.most_watched"
                     ],
        "format":[
                  "bbc.mobile.news.format.video"
                  ],
        "inverseColorScheme":"YES"
    },
    "copyright":{
        "class":"BNCopyrightModule",
        "padding":"{24,16,8,16}"
    },
    "sportPromo":{
        "class":"BNSportPromo",
        "mode!=tablet":{
            "padding":"{8,8,8,8}"
        },
        "mode==tablet":{
            "padding":"{16,16,0,16}"
        }
    },
    "myNewsByTimeGroup":{
        "$":"otherItems",
        "offset":0,
        "limit":-1,
        "primary":[
                   "bbc.mobile.news.item"
                   ],
        "orderBy":"time",
        "mode!=tablet":{
            "mode!=compact":{
                "orientation":"portrait",
                "H":1
            }
        },
        "mode==tablet":{
            "mode==portrait":{
                "orientation":"portrait"
            },
            "mode==landscape":{
                "orientation":"landscape"
            },
            "cellsPerRow":2
        }
    },
    "myNewsByTopicTitle":{
        "class":"BNContentTitleModule",
        "mode==compact":{
            "padding":"{16,16,8,8}"
        },
        "mode!=compact":{
            "padding":"{24,16,4,8}"
        }
    },
    "myNewsByTopicOldStyle":{
        "$":"normalGroup",
        "primary":[
                   "bbc.mobile.news.item"
                   ],
        "limit":4,
        "orientation":"portrait",
        "mode==landscape":{
            "cellsPerRow":4
        },
        "mode!=landscape":{
            "cellsPerRow":2
        },
        "hideTopics":true,
        "summaries":false,
        "paddingTop":0
    },
    "myNewsByTopicNonCarousel":{
        "$":"normalGroup",
        "primary":[
                   "bbc.mobile.news.item"
                   ],
        "limit":3,
        "hideTopics":true,
        "summaries":false,
        "paddingTop":0
    },
    "myNewsByTopicCarousel":{
        "class":"BNHorizontalStack",
        "background":"#E6E6E6",
        "modules":[
                   {
                   "limit":12,
                   "dummyEndCell":"true",
                   "offset":0,
                   "primary":[
                              "bbc.mobile.news.item"
                              ],
                   "cellClass":"BNCellItemAV",
                   "orientation":"portrait",
                   "numLines":3,
                   "cellMargins":"{0,0,0,1}",
                   "textPadding":"{8,8,8,8}",
                   "hideTopics":true,
                   "openAllItemsOnTap":true,
                   "tinyTimestamps":true
                   }
                   ]
    },
    "electionBanner":{
        "modes":[
                 "election2015"
                 ],
        "class":"BNImageLinkModule",
        "imagePrefix":"Election",
        "altText":"",
        "actionText":"",
        "callToActionText":"",
        "resetNav":false
    },
    "electionBannerChevron":{
        "$":"electionBanner",
        "mode!=tablet":{
            "padding":"{8,8,0,8}"
        },
        "mode==tablet":{
            "padding":"{16,16,0,16}"
        },
        "contentLink":"/cps/news/election/2015?title=Election%202015",
        "imagePrefix":"ElectionChevron",
        "altText":"Election 2015"
    },
    "infoBoxTitle":{
        "class":"BNModuleTitleDigest",
        "mode!=tablet":{
            "padding":"{8,8,0,8}"
        },
        "mode==tablet":{
            "padding":"{16,16,0,16}"
        },
        "textPadding":"{8,0,8,0}",
        "textAttrs":"electionsTitle"
    },
    "infoBoxLink":{
        "class":"BNTextLinkModule",
        "mode!=tablet":{
            "padding":"{0,8,0,8}"
        },
        "mode==tablet":{
            "padding":"{0,16,0,16}"
        },
        "textAttrs":"electionsLink",
        "borderSize":1
    },
    "infoBoxLinkRed":{
        "$":"infoBoxLink",
        "borderSize":0,
        "textAttrs":"electionsLinkRed"
    },
    "secondaryItems":{
        "$":"normalGroup",
        "secondary":"$secondary",
        "limit":2,
        "offset":1,
        "mode==tablet":{
            "H":2,
            "cellsPerRow":2,
            "mode==portrait":{
                "orientation":"portrait"
            },
            "mode==landscape":{
                "orientation":"landscapeWithFullWidthHeadline",
                "imageWidth":192
            }
        }
    },
    "otherItems":{
        "$":"normalGroup",
        "secondary":"$secondary",
        "offset":3,
        "mode==tablet":{
            "summaries":"no",
            "orientation":"portrait",
            "mode==portrait":{
                "cellsPerRow":3
            },
            "mode==landscape":{
                "cellsPerRow":4
            }
        }
    },
    "featuresSection":{
        "mode==landscape":{
            "class":"BNVerticalLinearLayout",
            "modules":[
                       {
                       "$":"twoColumns",
                       "$1":{
                       "$":"featureItemLarge",
                       "offset":0,
                       "textPosition":"left"
                       },
                       "$2":{
                       "$":"featureItemSmall",
                       "offset":1
                       }
                       },
                       {
                       "$":"twoColumns",
                       "$1":{
                       "$":"featureItemSmall",
                       "offset":2
                       },
                       "$2":{
                       "$":"featureItemLarge",
                       "offset":3,
                       "textPosition":"right"
                       }
                       },
                       {
                       "$":"twoColumns",
                       "$1":{
                       "$":"featureItemLarge",
                       "offset":4,
                       "textPosition":"left"
                       },
                       "$2":{
                       "$":"featureItemSmall",
                       "offset":5
                       }
                       },
                       {
                       "$":"featureGroup",
                       "limit":6,
                       "offset":6,
                       "cellsPerRow":3
                       }
                       ]
        },
        "mode==portrait":{
            "class":"BNVerticalLinearLayout",
            "modules":[
                       {
                       "$":"featureItem",
                       "imagePosition":"left",
                       "offset":0
                       },
                       {
                       "$":"featureItem",
                       "imagePosition":"right",
                       "offset":1
                       },
                       {
                       "$":"featureGroup_2col",
                       "offset":2,
                       "limit":10
                       }
                       ]
        }
    },
    "itemBannerAdvert":{
        "$":"advert",
        "type":"banner",
        "paddingBottom":8,
        "parallax":true
    },
    "itemPrimaryMedia":{
        "cellClass":"BNCellMedia",
        "limit":1,
        "primary":[
                   "bbc.mobile.news.image",
                   "bbc.mobile.news.video",
                   "bbc.mobile.news.audio"
                   ],
        "secondary":[
                     "bbc.mobile.news.placement.primary"
                     ],
        "parallax":"yes",
        "imageAspect":0.5625
    },
    "itemHeadline":{
        "cellClass":"BNCellHeadline",
        "mode==phone":{
            "textPadding":"{12,16,0,16}"
        },
        "mode==tablet":{
            "mode==portrait":{
                "textPadding":"{12,64,0,64}"
            },
            "mode==landscape":{
                "textPadding":"{12,80,0,80}"
            }
        }
    },
    "itemByline":{
        "cellClass":"BNCellByline",
        "primary":[
                   "bbc.mobile.news.person"
                   ],
        "secondary":[
                     "bbc.mobile.news.byline"
                     ],
        "limit":1,
        "mode==phone":{
            "textPadding":"{2,16,2,16}"
        },
        "mode==tablet":{
            "mode==portrait":{
                "textPadding":"{2,64,2,64}"
            },
            "mode==landscape":{
                "textPadding":"{2,80,2,80}"
            }
        }
    },
    "itemTopics":{
        "cellClass":"BNCellTopics",
        "maxTopics":1,
        "long_timestamp":true,
        "mode==phone":{
            "textPadding":"{8,16,12,16}"
        },
        "mode==tablet":{
            "mode==portrait":{
                "textPadding":"{8,64,12,64}"
            },
            "mode==landscape":{
                "textPadding":"{8,80,12,80}"
            }
        }
    },
    "itemBody":{
        "class":"BNCellsModuleArticleBody",
        "mode==phone":{
            "textPadding":"{0,16,0,16}"
        },
        "mode==tablet":{
            "mode==portrait":{
                "textPadding":"{0,64,0,64}"
            },
            "mode==landscape":{
                "textPadding":"{0,80,0,80}",
                "includePrimaryMedia":true
            }
        }
    },
    "relatedTitle":{
        "class":"BNRelatedContentTitleModule",
        "mode==phone":{
            "padding":"{8,16,8,16}"
        },
        "mode==tablet":{
            "mode==portrait":{
                "padding":"{16,64,12,64}"
            },
            "mode==landscape":{
                "padding":"{16,80,16,80}"
            }
        }
    },
    "relatedStories":{
        "cellClass":"BNCellItemRelatedStory",
        "limit":4,
        "secondary":[
                     "bbc.mobile.news.group.see-alsos"
                     ],
        "maxTopics":1,
        "mode==phone":{
            "padding":"{0,16,8,16}",
            "textPadding":"{0,8,0,0}",
            "imageWidth":0.5
        },
        "mode==tablet":{
            "textPadding":"{0,16,0,0}",
            "mode==portrait":{
                "padding":"{0,64,0,64}",
                "imageWidth":0.333
            },
            "mode==landscape":{
                "padding":"{0,80,0,80}",
                "imageWidth":0.25
            }
        }
    },
    "relatedVideoAndAudio":{
        "$":"relatedStories",
        "limit":-1,
        "format":[
                  "bbc.mobile.news.format.audio",
                  "bbc.mobile.news.format.video"
                  ],
        "primary":[
                   "bbc.mobile.news.item"
                   ]
    },
    "relatedTopics":{
        "cellClass":"BNCellRelatedTopic",
        "primary":[
                   "bbc.mobile.news.collection"
                   ],
        "secondary":[
                     "bbc.mobile.news.home_section",
                     "bbc.mobile.news.topic"
                     ],
        "mode==phone":{
            "padding":"{0,16,24,16}"
        },
        "mode==tablet":{
            "mode==portrait":{
                "padding":"{0,64,24,64}"
            },
            "mode==landscape":{
                "padding":"{0,80,24,80}"
            }
        }
    },
    "advert":{
        "modes":[
                 "adverts"
                 ],
        "class":"BNAdvertModule",
        "paddingTop":8
    }
}
